--- 
layout: post
title: mysql笔记
author: author1
description: >
个人笔记
---
### 修改 mariaDB 数据库的默认编码
> 先进入这个文件
```shell
sudo vim /etc/my.cnf.d/mysql-clients.cnf
vim /etc/my.cnf
```
> 在这个[mysql] 的正下方加入这一句
```
 default-character-set=utf8
```
> 再进入 /etc/my.cnf 这个文件
```
init_connect='SET collation_connection = utf8_unicode_ci'
init_connect='SET NAMES utf8'
character-set-server=utf8
collation-server=utf8_unicode_ci
skip-character-set-client-handshake
 
```


##### 其他
查看目前字符集编码
``` mysql
show variables like 'character%'; 
```  

```
如果修改某个数据库字符集
alter database DBdata character set utf8;
```
修改某个表
```
alter  table  `tablename` convert to  character set utf8;
```

<br>

### 一.初次使用
  因为所有的用户管理都需要用root完成, 所以需要先用root登录mysql. 

### 二. 用户管理
	
  管理用户一般用的是 root 用户, 而且mysql不会为 root 设置初始密码
  初次使用,输入
```
   mysql -uroot -p  //输入后,连摁两次回车即可
```
###### 更改root密码

```
			1.set password('你想输入的密码');
				然后你的密码会被转换成一个字符串
			2.set password=password('转换的字符串');
			密码即可设置成功!!!
```

	1. 查看所有用户
	使用shell命令MySQL -uroot -p 
	输入密码后再select user,host from mysql.user; 	

	2. 创建用户
	creat user '用户名'@'用户可在哪个主机登录' IDENTIFIED BY '密码'
	  注：localhost 可以填在第二个位置，代表可以在任意主机登录
	  eg: 我的密码默认 ‘123‘
	  eg:CREATE USER 'yang_zhao'@'localhost' IDENTIFIED BY '123';

	2. 删除用户
	DROP USER 'username'@'host';			//记住分号一定不要忘了


	3. 给用户授权
		grant 权限名 ON  数据库名.表名 TO  'username'@'host'
	如：grant 权限名 ON  *.*           TO  'username'@'host'
	如:grant ALL ON *.* TO 'yang_zhao'@'localhost';

	注: 权限如 select, insert, update  等等, 全部授权则使用 All

	删除用户权限
	remove ........

### 三. 增删改查
#### 准备工作
要增， 必须得有用户， 有数据库， 有表。所以第一步是：

1.  创建数据库
```
create database  数据库名
show   databases 查看所有数据库
drop   database 数据库名
use	   数据库名
```

2.  删除数据库中的表
```
drop table 表名
 建表非常重要，这里会详细叙述
 创建表：  creat table 名字()    //括号里面写参数

 eg:
	MariaDB [_502]> create table bitch
   -> (
   ->    name varchar(3),
   ->    size_of_dick varchar(3),
   ->    words varchar(10)
   -> );

	一个最简单的表已经建好.我们通过desc命令来查看表的结构
   MariaDB [_502]> desc bitch;
+--------------+-------------+------+-----+---------+-------+
| Field        | Type        | Null | Key | Default | Extra |
+--------------+-------------+------+-----+---------+-------+
| name         | varchar(3)  | YES  |     | NULL    |       |
| size_of_dick | varchar(3)  | YES  |     | NULL    |       |
| words        | varchar(10) | YES  |     | NULL    |       |
+--------------+-------------+------+-----+---------+-------+
3 rows in set (0.00 sec)

#### 正式开始:
	1.增
		插入数据: insert into 名字(姓名, 罩杯) value(李星, A);

	2.删
		delete from 名字 //删掉所有数据	
		delete from 名字 where//删掉符合条件数据	

	3.改
#### 改数据
		+------+--------------+----------+
		| name | size_of_dick | words    |
		+------+--------------+----------+
		| lx   | NULL         | NULL     |
		| yz   | 188          | I'm king |
		| NULL | 3            | my_son   |
		+------+--------------+----------+
		需求:把NULL 改了
		做法:
		>   update 表名  set 想要改变的列=xxxx  where 用来定位的列
		eg: update bitch set size_of_dick='0.1' where name='lx';

		修改完成
		+------+--------------+----------+
		| name | size_of_dick | words    |
		+------+--------------+----------+
		| lx   | 0.1          | NULL     |
		| yz   | 188          | I'm king |
		| NULL | 3            | my_son   |
		+------+--------------+----------+

#### 改表格
 DESC 表名   ——> 查看表的情况   



	5.打印(查)
		select * from 表名;

         eg:  select * from bitch;
		 +------+--------------+----------+
		 | name | size_of_dick | words    |
		 +------+--------------+----------+
		 | kcg  | 75           | my_son   |
		 | lx   | 0.1          | pian zi  |
		 | qbs  | 12           | god      |
		 | tx   | 12           | dokey    |
		 | tx   | 255          | asdl     |
		 | wqz  | 85           | hao_ren  |
		 | yz   | 188          | I'm king |
		 +------+--------------+----------+
		 可以看出有重复现象， 那么当我只想看 size_of_dick 为255的tx, 我该怎么做的???

####  去重
		 做法:
##### distinct 语句
		 select DISTINCT 列名 from bitch order by name asc;
		 > 然而distinct不够强大, 常被用来返回不重复数据的条数
		 eg:  
		 MariaDB [_502]> select distinct name  from bitch;
		 +------+
		 | name |
		 +------+
		 | lx   |
		 | yz   |
		 | kcg  |
		 | wqz  |
		 | tx   |
		 | qbs  |
		 +------+
		 缺陷：无法显示其他列, 我们试试其他语句
		 MariaDB [_502]> select distinct name,words  from bitch;
		 +------+----------+
		 | name | words    |
		 +------+----------+
		 | lx   | pian zi  |
		 | yz   | I'm king |
		 | kcg  | my_son   |
		 | wqz  | hao_ren  |
		 | tx   | dokey    |
		 | qbs  | god      |
		 | tx   | asdl     |
		 +------+----------+
		实际为 当表中出现 name与words都相同的数据时，才会被去重


##### group by 语句
		 要去重某一列并且显示其他列的数据, 那么用 **group by** 语句
		 eg:
		 MariaDB [_502]> select * from bitch group by name;
		 +------+--------------+----------+
		 | name | size_of_dick | words    |
		 +------+--------------+----------+
		 | kcg  | 75           | my_son   |
		 | lx   | 0.1          | pian zi  |
		 | qbs  | 12           | god      |
		 | tx   | 12           | dokey    |
		 | wqz  | 85           | hao_ren  |
		 | yz   | 188          | I'm king |
		 +------+--------------+----------+

##### 处理NULL值
```
		 -> WHERE w3cschool_count IS NULL;
		 -> WHERE w3cschool_count IS NOT NULL;
		 //注意 = 和 != 是不起作用的
```
<br>

##### like 语句
		> 用法类似与unix语句中的 *
		select * from bitch where name like 't%';
		+------+--------------+-------+
		| name | size_of_dick | words |
		+------+--------------+-------+
		| tx   | 12           | dokey |
		| tx   | 255          | asdl  |
		+------+--------------+-------+


### 五. 排序与分组  

#### 排序
		 ```
		 eg: select * form 表名 order by 列名 排序方式;
		 ```
		 排序方式：

		 1. asc    升
		 1. desc   降


### 六. mysql从外界导入数据

### 七. ALTER 对 表字段 操作
		 原表：
		 MariaDB [_17180600305]> desc Book;
		 +----------+--------------+------+-----+---------+-------+
		 | Field    | Type         | Null | Key | Default | Extra |
		 +----------+--------------+------+-----+---------+-------+
		 | book_ID  | char(10)     | NO   | PRI | NULL    |       |
		 | name     | varchar(30)  | NO   |     | NULL    |       |
		 | author   | varchar(10)  | YES  |     | NULL    |       |
		 | publish  | varchar(20)  | YES  |     | NULL    |       |
		 | price    | decimal(6,2) | YES  |     | NULL    |       |
		 | classify | varchar(20)  | YES  |     | NULL    |       |
		 +----------+--------------+------+-----+---------+-------+
		 6 rows in set (0.00 sec)

**删除 classify 字段!! **
```
	alter table Book drop classify;
```
		Query OK, 0 rows affected (0.02 sec)
		Records: 0  Duplicates: 0  Warnings: 0

		MariaDB [_17180600305]> desc Book;
		+---------+--------------+------+-----+---------+-------+
		| Field   | Type         | Null | Key | Default | Extra |
		+---------+--------------+------+-----+---------+-------+
		| book_ID | char(10)     | NO   | PRI | NULL    |       |
		| name    | varchar(30)  | NO   |     | NULL    |       |
		| author  | varchar(10)  | YES  |     | NULL    |       |
		| publish | varchar(20)  | YES  |     | NULL    |       |
		| price   | decimal(6,2) | YES  |     | NULL    |       |
		+---------+--------------+------+-----+---------+-------+
		5 rows in set (0.00 sec)

**添加一个字段**
```
	alter table Book add new_price int        after name;
	alter table 表名 add 新列名    新列名类型;
```
	Query OK, 0 rows affected (0.01 sec)
	Records: 0  Duplicates: 0  Warnings: 0

	MariaDB [_17180600305]> desc Book;
	+-----------+--------------+------+-----+---------+-------+
	| Field     | Type         | Null | Key | Default | Extra |
	+-----------+--------------+------+-----+---------+-------+
	| book_ID   | char(10)     | NO   | PRI | NULL    |       |
	| name      | varchar(30)  | NO   |     | NULL    |       |
	| new_price | int(11)      | YES  |     | NULL    |       |
	| author    | varchar(10)  | YES  |     | NULL    |       |
	| publish   | varchar(20)  | YES  |     | NULL    |       |
	| price     | decimal(6,2) | YES  |     | NULL    |       |
	+-----------+--------------+------+-----+---------+-------+

**修改一个字段**
```	
  alter table 表名 change 旧列名 新列名  新列名类型;
```	
eg:
  alter table Book change author fuck varchar(10);
+-----------+--------------+------+-----+---------+-------+
| Field     | Type         | Null | Key | Default | Extra |
+-----------+--------------+------+-----+---------+-------+
| book_ID   | char(10)     | NO   | PRI | NULL    |       |
| name      | varchar(30)  | NO   |     | NULL    |       |
| new_price | int(11)      | YES  |     | NULL    |       |
| fuck      | varchar(10)  | YES  |     | NULL    |       |
| publish   | varchar(20)  | YES  |     | NULL    |       |
| price     | decimal(6,2) | YES  |     | NULL    |       |
+-----------+--------------+------+-----+---------+-------+


### 八. 更多的语句
cout(col_name) //返回查询结果的条数

##### limit 函数
```sql
select * from 表名 limit 3; //从第0行开始打印3行数据
select * from 表名 linit 3,5;//从第3行开始打印5行数据 
```
应用：打印价格排在第三位到第五位之间的图书
do:   select * from book order by 价格 limit 2, 












